id,first_name,last_name,email,person_type,department_code
1,Whitman,Seabon,wseabon0@histats.com,S,4
2,Karlis,Hasloch,khasloch1@instagram.com,F,7
3,Siegfried,Maxworthy,smaxworthy2@etsy.com,S,1
4,Cate,Petracek,cpetracek3@behance.net,F,10
5,Rennie,Casterot,rcasterot4@oracle.com,F,7
6,Ralph,Zanini,rzanini5@comcast.net,A,5
7,Martainn,Hutton,mhutton6@cafepress.com,A,9
8,Sandy,Ragbourne,sragbourne7@taobao.com,F,2
9,Nick,Isaq,nisaq8@clickbank.net,F,6
10,Caryn,Weitzel,cweitzel9@printfriendly.com,S,2
11,Deva,Menego,dmenegoa@imageshack.us,F,1
12,Griz,Pittwood,gpittwoodb@fc2.com,S,6
13,Giff,Danskine,gdanskinec@nbcnews.com,S,7
14,Myrna,Bradford,mbradfordd@unesco.org,F,7
15,Dalia,Scarlett,dscarlette@state.gov,F,10
16,Kyle,Sargood,ksargoodf@devhub.com,A,6
17,Norina,Jakov,njakovg@seesaa.net,F,10
18,Sherwood,Iacavone,siacavoneh@time.com,A,3
19,Thea,Jobb,tjobbi@vistaprint.com,S,3
20,Lianna,Westrope,lwestropej@sbwire.com,A,7
21,Claudette,Chaudrelle,cchaudrellek@rediff.com,F,2
22,Hephzibah,Tomkowicz,htomkowiczl@de.vu,F,10
23,Angy,Bosward,aboswardm@facebook.com,F,10
24,Kenn,Moulding,kmouldingn@sphinn.com,S,4
25,Jerald,Huffer,jhuffero@europa.eu,A,1
26,Ignazio,Tomicki,itomickip@narod.ru,A,6
27,Timmie,Raddin,traddinq@smugmug.com,F,8
28,Izaak,McGennis,imcgennisr@google.de,A,10
29,Randal,Rowan,rrowans@fotki.com,S,9
30,Aloysia,Cote,acotet@angelfire.com,F,8
31,Venita,Hullyer,vhullyeru@tinypic.com,S,6
32,Etienne,Lancashire,elancashirev@auda.org.au,S,1
33,Royall,Salzberger,rsalzbergerw@51.la,A,6
34,Rhody,Yare,ryarex@phpbb.com,S,9
35,Midge,Forst,mforsty@printfriendly.com,F,6
36,Hollie,Duddan,hduddanz@behance.net,F,5
37,Fidelity,Sansun,fsansun10@vkontakte.ru,F,6
38,Brendan,Meenan,bmeenan11@bing.com,S,8
39,Demetra,Klisch,dklisch12@narod.ru,S,9
40,Colline,Scarlon,cscarlon13@ucsd.edu,S,9
41,Ashely,Dorricott,adorricott14@nymag.com,F,1
42,Evania,Lightollers,elightollers15@paginegialle.it,F,9
43,Marjie,Addicott,maddicott16@meetup.com,S,6
44,Lothario,Bramont,lbramont17@mtv.com,A,8
45,Mair,Popov,mpopov18@cargocollective.com,S,8
46,Raquel,Isack,risack19@i2i.jp,A,3
47,Dorolisa,Fishlee,dfishlee1a@usatoday.com,A,3
48,Felic,Summerskill,fsummerskill1b@so-net.ne.jp,S,4
49,Ramonda,Andrzej,randrzej1c@flickr.com,A,1
50,Axel,Gerleit,agerleit1d@networkadvertising.org,A,5
51,Almeda,Piell,apiell1e@go.com,F,1
52,Jolene,Okenden,jokenden1f@oaic.gov.au,F,1
53,Valli,Winship,vwinship1g@storify.com,A,7
54,Celestia,Liddiatt,cliddiatt1h@miitbeian.gov.cn,F,4
55,Ellen,Essam,eessam1i@parallels.com,A,4
56,Clay,Bulloch,cbulloch1j@illinois.edu,F,4
57,Fancie,Tyne,ftyne1k@barnesandnoble.com,S,1
58,Cordelie,Jans,cjans1l@kickstarter.com,A,2
59,Catherina,Hare,chare1m@dailymotion.com,F,4
60,Bettye,Bedham,bbedham1n@com.com,S,7
61,Denys,Eusden,deusden1o@mashable.com,F,8
62,Helge,Aylward,haylward1p@themeforest.net,F,1
63,Ambros,Kalinke,akalinke1q@sitemeter.com,A,1
64,Cherin,Harget,charget1r@tamu.edu,F,4
65,Niko,Marqyes,nmarqyes1s@dagondesign.com,A,1
66,Ninette,Haddock,nhaddock1t@ezinearticles.com,A,1
67,Renard,Carles,rcarles1u@microsoft.com,S,9
68,Raphaela,Jikovsky,rjikovsky1v@t-online.de,A,9
69,Catha,Simper,csimper1w@bloglines.com,A,9
70,Wain,Mallindine,wmallindine1x@youku.com,A,6
71,Derk,Jeannard,djeannard1y@free.fr,S,10
72,Thomasa,Pridie,tpridie1z@drupal.org,S,3
73,Arlan,Readmire,areadmire20@chicagotribune.com,S,1
74,Damara,Gilluley,dgilluley21@sbwire.com,S,8
75,Bobinette,Rude,brude22@wufoo.com,S,6
76,Danie,Spendlove,dspendlove23@globo.com,S,9
77,Zerk,Andriolli,zandriolli24@ed.gov,S,6
78,Francesca,Baythorp,fbaythorp25@goo.gl,F,1
79,Clementia,Pigney,cpigney26@mac.com,S,10
80,Corey,Andriulis,candriulis27@hibu.com,F,4
81,Andriette,Linzey,alinzey28@nsw.gov.au,A,7
82,Dene,Pendleberry,dpendleberry29@creativecommons.org,F,1
83,Willa,Konzel,wkonzel2a@homestead.com,S,1
84,Nicolai,Danes,ndanes2b@t-online.de,F,1
85,Karlen,Piwell,kpiwell2c@flickr.com,S,10
86,Cynde,Mila,cmila2d@ted.com,A,3
87,Lilah,Stait,lstait2e@360.cn,A,5
88,Melony,Luckie,mluckie2f@wordpress.org,F,9
89,Sammy,Loyd,sloyd2g@vk.com,S,7
90,Bonni,Wakerley,bwakerley2h@hp.com,A,8
91,Barbra,Nacci,bnacci2i@people.com.cn,A,9
92,Jacquelin,Monni,jmonni2j@blogspot.com,F,4
93,Harmonie,Bebis,hbebis2k@yale.edu,F,7
94,Leland,Ghidoni,lghidoni2l@weibo.com,S,5
95,Koo,Bidwell,kbidwell2m@eepurl.com,A,10
96,Giorgio,Saltern,gsaltern2n@ezinearticles.com,S,9
97,Ezra,Menicomb,emenicomb2o@seattletimes.com,S,2
98,Bonnie,Tace,btace2p@multiply.com,F,9
99,Luciana,Sevin,lsevin2q@51.la,S,9
100,Lindsey,Chenery,lchenery2r@fda.gov,A,2
101,Mary,Fasey,mfasey2s@hubpages.com,S,10
102,Rahel,Dunston,rdunston2t@surveymonkey.com,S,7
103,Alexandr,Badsworth,abadsworth2u@blog.com,S,8
104,Charil,Rykert,crykert2v@mlb.com,S,4
105,Thom,Thorowgood,tthorowgood2w@sogou.com,S,5
106,Morty,Bartolomeoni,mbartolomeoni2x@imageshack.us,A,8
107,Noll,Walster,nwalster2y@senate.gov,F,7
108,Ajay,Hrinishin,ahrinishin2z@facebook.com,F,7
109,Matelda,Blackaller,mblackaller30@buzzfeed.com,S,10
110,Gussy,Mc Caughen,gmccaughen31@newsvine.com,S,4
111,Carlyn,Coverly,ccoverly32@nature.com,F,9
112,Riordan,Geerdts,rgeerdts33@i2i.jp,F,2
113,Lara,Norree,lnorree34@mlb.com,F,3
114,Otha,Errington,oerrington35@flickr.com,F,3
115,Renelle,Rollinshaw,rrollinshaw36@webeden.co.uk,S,8
116,Uri,Liverock,uliverock37@vkontakte.ru,F,10
117,Thaxter,Huke,thuke38@w3.org,S,2
118,Nicoline,Munnis,nmunnis39@youtu.be,S,4
119,Felicity,Rawlingson,frawlingson3a@mlb.com,F,6
120,Rufe,Tomaello,rtomaello3b@lulu.com,A,5
121,Flory,Finlan,ffinlan3c@phpbb.com,S,8
122,Jasen,Listone,jlistone3d@princeton.edu,F,10
123,Fawnia,Tredger,ftredger3e@bing.com,S,10
124,Eberto,Alfonsini,ealfonsini3f@examiner.com,F,3
125,Olvan,Mandrey,omandrey3g@cornell.edu,A,7
126,Fernanda,Luthwood,fluthwood3h@ning.com,F,10
127,Avivah,Bougen,abougen3i@state.tx.us,A,9
128,Averil,Grigoire,agrigoire3j@google.co.jp,F,9
129,Sam,Rix,srix3k@acquirethisname.com,S,2
130,Beatrisa,Brookesbie,bbrookesbie3l@reddit.com,S,5
131,Desiree,Lowndesbrough,dlowndesbrough3m@jalbum.net,S,2
132,Jena,Ziems,jziems3n@vk.com,F,5
133,Shaine,Casale,scasale3o@cloudflare.com,A,3
134,Etheline,Monaghan,emonaghan3p@is.gd,A,10
135,Louella,Steel,lsteel3q@woothemes.com,S,9
136,Ailyn,Kenen,akenen3r@last.fm,S,8
137,Rossy,Dmiterko,rdmiterko3s@yahoo.com,S,10
138,Giselle,Kinmond,gkinmond3t@virginia.edu,F,2
139,Francois,Saffer,fsaffer3u@ycombinator.com,S,6
140,Fara,McKeag,fmckeag3v@opera.com,A,2
141,Idell,Raunds,iraunds3w@xrea.com,S,2
142,Scarlet,Ciobotaru,sciobotaru3x@livejournal.com,F,1
143,Andrei,Markl,amarkl3y@github.com,S,10
144,Winslow,Cahani,wcahani3z@woothemes.com,A,4
145,Pierson,Roscow,proscow40@mapquest.com,S,2
146,Raven,Blakely,rblakely41@bloglovin.com,F,9
147,Jeannie,Norster,jnorster42@qq.com,S,9
148,Abigail,Lomasny,alomasny43@ibm.com,S,7
149,Nikola,Sennett,nsennett44@wisc.edu,A,8
150,Martyn,Astles,mastles45@craigslist.org,A,2
151,Bernie,Gimbrett,bgimbrett46@rambler.ru,F,3
152,Erin,Mewha,emewha47@wordpress.org,F,9
153,Megen,Spykings,mspykings48@harvard.edu,S,7
154,Ella,O'Dowgaine,eodowgaine49@yahoo.co.jp,S,8
155,Yolane,Terrill,yterrill4a@ft.com,S,3
156,Dacey,Sisley,dsisley4b@cbc.ca,A,2
157,Allen,Surr,asurr4c@1und1.de,A,5
158,Aleda,Hartropp,ahartropp4d@ed.gov,F,5
159,Terence,Hannabuss,thannabuss4e@bloomberg.com,F,6
160,Roselle,Riepl,rriepl4f@printfriendly.com,F,2
161,Aggy,Realy,arealy4g@w3.org,S,6
162,Carleton,Roderick,croderick4h@reuters.com,S,6
163,Biddie,Buscher,bbuscher4i@surveymonkey.com,S,10
164,Nichol,Busch,nbusch4j@barnesandnoble.com,A,6
165,Tynan,Hauck,thauck4k@acquirethisname.com,A,3
166,Elvyn,Merredy,emerredy4l@photobucket.com,S,9
167,Morganne,Loram,mloram4m@wordpress.org,F,3
168,Ad,Mogenot,amogenot4n@pagesperso-orange.fr,A,4
169,Gerianne,Eaden,geaden4o@sciencedirect.com,F,1
170,Jeffrey,Getch,jgetch4p@angelfire.com,F,7
171,Edgard,Wissby,ewissby4q@businessweek.com,F,3
172,Nealon,Janosevic,njanosevic4r@cnet.com,F,1
173,Ripley,Reely,rreely4s@topsy.com,A,9
174,Valli,Clapison,vclapison4t@addtoany.com,S,9
175,Lowell,Cuerdale,lcuerdale4u@statcounter.com,A,7
176,Sibylla,Soans,ssoans4v@cnet.com,A,10
177,Woodman,Casin,wcasin4w@archive.org,S,9
178,Enoch,Ithell,eithell4x@wp.com,F,1
179,Sybilla,Diggons,sdiggons4y@sohu.com,S,4
180,Retha,Gladtbach,rgladtbach4z@howstuffworks.com,F,3
181,Roseanna,Safe,rsafe50@unicef.org,A,3
182,Casar,Ingold,cingold51@examiner.com,F,6
183,Sonny,Pannett,spannett52@gmpg.org,F,7
184,Eleonora,Jaram,ejaram53@google.com.br,F,6
185,Gavrielle,Tabord,gtabord54@mediafire.com,S,4
186,Morty,Wyness,mwyness55@cbslocal.com,A,5
187,Donelle,Guilleton,dguilleton56@sfgate.com,A,5
188,Gwenore,Kunzel,gkunzel57@europa.eu,A,2
189,Gilli,Cornels,gcornels58@epa.gov,S,6
190,Judon,Olley,jolley59@w3.org,F,8
191,Nial,Fladgate,nfladgate5a@feedburner.com,A,6
192,Jocelyn,Nicely,jnicely5b@hud.gov,F,10
193,Marilyn,Kob,mkob5c@addtoany.com,F,1
194,Matti,Cabrer,mcabrer5d@statcounter.com,F,3
195,Gerry,Pennaman,gpennaman5e@4shared.com,S,3
196,Orazio,Hillin,ohillin5f@posterous.com,F,9
197,Kelley,Tennewell,ktennewell5g@eepurl.com,F,4
198,Innis,Manicomb,imanicomb5h@altervista.org,S,1
199,Rawley,MacArthur,rmacarthur5i@wordpress.com,A,10
200,Alexa,Shillaker,ashillaker5j@vkontakte.ru,A,7
201,Magda,Featonby,mfeatonby5k@oakley.com,F,9
202,Colan,Kermode,ckermode5l@theglobeandmail.com,S,9
203,Malinde,Cheney,mcheney5m@linkedin.com,F,10
204,Penni,Kirvin,pkirvin5n@deviantart.com,F,3
205,Serge,Mooreed,smooreed5o@hexun.com,F,6
206,Justin,Perse,jperse5p@bloglovin.com,S,7
207,Allen,Meere,ameere5q@yale.edu,S,3
208,Masha,Losbie,mlosbie5r@globo.com,A,3
209,Olivie,Bartholin,obartholin5s@digg.com,S,4
210,Yvon,Bern,ybern5t@tamu.edu,F,2
211,Ruthann,Hargreves,rhargreves5u@ibm.com,S,3
212,Windham,Longstreeth,wlongstreeth5v@sogou.com,F,6
213,Bernardina,Coetzee,bcoetzee5w@mapquest.com,F,4
214,Camila,Tomlinson,ctomlinson5x@newyorker.com,S,2
215,Hansiain,Melan,hmelan5y@jimdo.com,S,3
216,Dorelle,Penhaleurack,dpenhaleurack5z@epa.gov,F,1
217,Catha,Klugman,cklugman60@admin.ch,S,5
218,Clyve,Woffenden,cwoffenden61@nyu.edu,A,7
219,Kate,Dargavel,kdargavel62@ucsd.edu,A,10
220,Briny,Veelers,bveelers63@google.com.hk,F,8
221,Rhonda,Monahan,rmonahan64@blogger.com,F,9
222,Alethea,Muskett,amuskett65@weebly.com,F,7
223,Isabella,Bullus,ibullus66@cyberchimps.com,S,10
224,Giffer,Bardey,gbardey67@ask.com,F,7
225,Constanta,Parkins,cparkins68@soundcloud.com,F,5
226,Cassandry,Le Sarr,clesarr69@cnn.com,A,7
227,Caren,Matushevitz,cmatushevitz6a@ftc.gov,S,4
228,Trudi,Handscombe,thandscombe6b@bing.com,S,10
229,Risa,Kidde,rkidde6c@rediff.com,A,9
230,Jamill,Gergher,jgergher6d@illinois.edu,F,6
231,Krystal,Hapke,khapke6e@senate.gov,F,6
232,Butch,Stapley,bstapley6f@list-manage.com,S,1
233,Ellwood,Jessop,ejessop6g@java.com,A,6
234,Sherilyn,Colloff,scolloff6h@lulu.com,F,4
235,Beniamino,Corrison,bcorrison6i@uiuc.edu,F,8
236,Wald,Calway,wcalway6j@independent.co.uk,A,10
237,Augustina,Gridon,agridon6k@go.com,S,6
238,Beniamino,Meacher,bmeacher6l@storify.com,F,9
239,Andreana,Akram,aakram6m@cisco.com,F,8
240,Terri,Harker,tharker6n@dot.gov,F,5
241,Kliment,Spellacy,kspellacy6o@china.com.cn,F,10
242,Cindelyn,Radloff,cradloff6p@ihg.com,S,10
243,Eula,Amoore,eamoore6q@berkeley.edu,S,7
244,Rois,Eddleston,reddleston6r@patch.com,F,1
245,Rolfe,Merrgen,rmerrgen6s@amazon.co.uk,A,9
246,Winfield,Pothbury,wpothbury6t@icio.us,S,10
247,Geneva,Filipczynski,gfilipczynski6u@unc.edu,A,4
248,Chantal,Barbara,cbarbara6v@homestead.com,A,4
249,Victor,Kempster,vkempster6w@networkadvertising.org,F,5
250,Jayme,Gunby,jgunby6x@yahoo.co.jp,A,2
251,Clovis,Holsall,cholsall6y@rediff.com,F,7
252,Urson,Leal,uleal6z@cpanel.net,A,9
253,Susann,Pimmocke,spimmocke70@pinterest.com,A,4
254,Tedie,Saturley,tsaturley71@zimbio.com,F,3
255,Christabel,Genney,cgenney72@upenn.edu,F,4
256,Paton,Tschirasche,ptschirasche73@mozilla.com,S,4
257,Lindi,Troppmann,ltroppmann74@seesaa.net,A,2
258,Brennan,O'Fallon,bofallon75@zdnet.com,A,2
259,Tressa,Linklater,tlinklater76@xinhuanet.com,F,6
260,Helenelizabeth,Brik,hbrik77@dell.com,S,4
261,Tova,Ambrosini,tambrosini78@dot.gov,F,2
262,Stillmann,Whales,swhales79@chicagotribune.com,S,5
263,Immanuel,Clemence,iclemence7a@acquirethisname.com,S,6
264,Nessa,Jerdan,njerdan7b@cmu.edu,F,1
265,Rufus,Thorneloe,rthorneloe7c@digg.com,A,1
266,Vonni,Drei,vdrei7d@irs.gov,A,3
267,Philomena,Swaden,pswaden7e@usa.gov,F,8
268,Kassandra,Plitz,kplitz7f@nationalgeographic.com,A,10
269,Sophie,Hurll,shurll7g@comcast.net,A,6
270,Kerrill,Jery,kjery7h@e-recht24.de,A,9
271,Terri,Westcot,twestcot7i@xing.com,F,5
272,Barny,Sowerbutts,bsowerbutts7j@tripod.com,S,2
273,Letisha,Revington,lrevington7k@google.nl,F,1
274,Dianna,Bennit,dbennit7l@barnesandnoble.com,F,8
275,Lonna,Androli,landroli7m@xinhuanet.com,A,2
276,Karlens,Mc Meekan,kmcmeekan7n@japanpost.jp,S,7
277,Rheta,Chislett,rchislett7o@cbsnews.com,S,6
278,Avrom,Camplin,acamplin7p@yolasite.com,F,6
279,Vi,Bruty,vbruty7q@thetimes.co.uk,S,4
280,Ive,Masic,imasic7r@chicagotribune.com,S,4
281,Prudi,Doulton,pdoulton7s@auda.org.au,A,6
282,Aldridge,Pring,apring7t@homestead.com,F,9
283,Jermain,Reed,jreed7u@guardian.co.uk,A,8
284,Philbert,Sumnall,psumnall7v@prlog.org,F,10
285,Kathrine,Hastin,khastin7w@unesco.org,S,6
286,Isabella,Orkney,iorkney7x@craigslist.org,S,5
287,Mano,Blackadder,mblackadder7y@un.org,S,7
288,Collette,Edmed,cedmed7z@ifeng.com,S,4
289,Cherice,Strettle,cstrettle80@stumbleupon.com,F,8
290,Aldus,Falks,afalks81@ihg.com,A,4
291,Urbain,Piatti,upiatti82@geocities.jp,S,2
292,Rowena,Nibley,rnibley83@cisco.com,F,9
293,Adelind,Boggas,aboggas84@google.fr,S,7
294,Carey,Tellwright,ctellwright85@shutterfly.com,S,5
295,Minnie,Dell 'Orto,mdellorto86@amazon.com,A,1
296,Elvera,Coote,ecoote87@zimbio.com,F,10
297,Neil,Hinchcliffe,nhinchcliffe88@who.int,A,8
298,Toddie,Sterre,tsterre89@oaic.gov.au,F,9
299,Ranna,Gillespey,rgillespey8a@so-net.ne.jp,S,2
300,Gayler,Kleis,gkleis8b@yandex.ru,A,6
301,Isak,Abrahams,iabrahams8c@symantec.com,A,10
302,Saleem,Inglis,singlis8d@instagram.com,A,10
303,Charmian,Bowers,cbowers8e@dagondesign.com,S,5
304,Xever,MacGoun,xmacgoun8f@google.co.uk,S,10
305,Zacherie,Rivilis,zrivilis8g@amazon.de,F,3
306,Kristel,Prattington,kprattington8h@mozilla.com,F,4
307,Garnette,Janjusevic,gjanjusevic8i@home.pl,F,8
308,Lola,Stango,lstango8j@posterous.com,S,6
309,Jeromy,Heinritz,jheinritz8k@alexa.com,S,1
310,Irwinn,Fuge,ifuge8l@unc.edu,F,7
311,Cullan,Crace,ccrace8m@bizjournals.com,F,3
312,Redford,Pidwell,rpidwell8n@tinyurl.com,F,7
313,Cortney,Vashchenko,cvashchenko8o@phoca.cz,S,4
314,Morlee,Davley,mdavley8p@tripadvisor.com,S,8
315,Darrin,Harry,dharry8q@mashable.com,A,2
316,Georgiana,Gotcliffe,ggotcliffe8r@addtoany.com,A,9
317,Blondy,Demann,bdemann8s@1und1.de,F,10
318,Gerardo,Plaskitt,gplaskitt8t@fotki.com,F,6
319,Dwayne,Struttman,dstruttman8u@walmart.com,S,6
320,Janka,Bertlin,jbertlin8v@huffingtonpost.com,A,1
321,Heywood,Gasperi,hgasperi8w@aol.com,F,10
322,Lawrence,Beaglehole,lbeaglehole8x@scientificamerican.com,S,1
323,Mac,Message,mmessage8y@alexa.com,F,10
324,Minnie,Mee,mmee8z@csmonitor.com,A,1
325,Hewitt,Kluge,hkluge90@mozilla.org,S,3
326,Sandra,Revey,srevey91@arizona.edu,S,7
327,Drusie,Wade,dwade92@uol.com.br,F,4
328,Lay,Hubery,lhubery93@xing.com,F,4
329,Shaylah,Fielding,sfielding94@unicef.org,A,4
330,Arvy,Cleft,acleft95@nifty.com,F,3
331,Clifford,Jeeks,cjeeks96@cdbaby.com,F,6
332,Corbet,Harkus,charkus97@ucoz.com,S,1
333,Katharina,Cawkill,kcawkill98@blogtalkradio.com,A,3
334,Aleta,Loffel,aloffel99@woothemes.com,A,10
335,Warden,Paley,wpaley9a@vkontakte.ru,A,3
336,Lucina,Gaddes,lgaddes9b@cargocollective.com,S,10
337,Desmund,Crowdson,dcrowdson9c@cargocollective.com,F,9
338,Thom,Procter,tprocter9d@disqus.com,F,4
339,Hayden,Plevin,hplevin9e@plala.or.jp,S,9
340,Ilyse,Dunguy,idunguy9f@psu.edu,A,9
341,Randy,Birts,rbirts9g@ftc.gov,F,3
342,Jerald,Fortey,jfortey9h@boston.com,F,4
343,Delia,Thew,dthew9i@mashable.com,S,2
344,Jolie,Igoe,jigoe9j@cdc.gov,S,5
345,Jdavie,Fellon,jfellon9k@hibu.com,F,2
346,Frederich,Batrip,fbatrip9l@mozilla.com,F,5
347,Donnajean,Epsley,depsley9m@blinklist.com,A,3
348,Frank,Eversley,feversley9n@acquirethisname.com,F,9
349,Marie-jeanne,Rozea,mrozea9o@booking.com,F,5
350,Nelie,Flipek,nflipek9p@exblog.jp,A,2
351,Sonia,Abrashkov,sabrashkov9q@apache.org,A,9
352,Kahaleel,Loddy,kloddy9r@yahoo.com,S,5
353,Maximilien,Hullyer,mhullyer9s@twitpic.com,F,2
354,Karita,McGennis,kmcgennis9t@disqus.com,A,10
355,Lark,Swadon,lswadon9u@gnu.org,A,5
356,Mirabelle,Thirlwell,mthirlwell9v@friendfeed.com,F,5
357,Peria,Hallifax,phallifax9w@posterous.com,A,5
358,Eddi,Denisard,edenisard9x@over-blog.com,S,9
359,Zita,Tacon,ztacon9y@prnewswire.com,A,8
360,Ardath,Klamman,aklamman9z@dell.com,S,4
361,Lauralee,Mapholm,lmapholma0@deliciousdays.com,S,8
362,Lisbeth,Dell,ldella1@unesco.org,A,8
363,Murielle,Drinkale,mdrinkalea2@shop-pro.jp,F,6
364,Rand,Morphey,rmorpheya3@toplist.cz,F,10
365,Farleigh,Tumbelty,ftumbeltya4@cisco.com,F,6
366,Juliann,Mochar,jmochara5@surveymonkey.com,A,3
367,Parker,Lacaze,placazea6@mapy.cz,A,5
368,Loreen,Basley,lbasleya7@tripadvisor.com,S,9
369,Chrotoem,Thurner,cthurnera8@telegraph.co.uk,F,9
370,Sybil,Rainey,sraineya9@privacy.gov.au,S,1
371,Arabele,Boutell,aboutellaa@sakura.ne.jp,S,6
372,Cordell,Finlay,cfinlayab@mayoclinic.com,F,7
373,Hadlee,Farran,hfarranac@cisco.com,A,5
374,Suzy,Lincoln,slincolnad@uol.com.br,A,2
375,Nadeen,Agnew,nagnewae@nytimes.com,A,1
376,Kimberly,Duckerin,kduckerinaf@addtoany.com,S,10
377,Lexi,Flewitt,lflewittag@geocities.com,S,2
378,Lancelot,Thorsen,lthorsenah@creativecommons.org,A,10
379,Gwenni,Capelle,gcapelleai@npr.org,A,4
380,Jenifer,Jorin,jjorinaj@trellian.com,F,2
381,Hedy,Andrick,handrickak@cnn.com,F,5
382,Deanne,Bannell,dbannellal@berkeley.edu,S,2
383,Calhoun,Gwillyam,cgwillyamam@cnn.com,A,9
384,Grady,Docker,gdockeran@webnode.com,F,2
385,Leena,Hoyt,lhoytao@goo.ne.jp,S,6
386,Les,Raspel,lraspelap@geocities.com,A,4
387,Cally,Allan,callanaq@answers.com,S,6
388,Lianne,Lawfull,llawfullar@latimes.com,S,5
389,Shermy,Olley,solleyas@biblegateway.com,A,10
390,Brietta,Wheaton,bwheatonat@digg.com,F,5
391,Frederica,Rupke,frupkeau@sakura.ne.jp,S,8
392,Mariette,Lerwell,mlerwellav@livejournal.com,F,6
393,Helli,Korn,hkornaw@networkadvertising.org,S,3
394,Natalina,Dowsing,ndowsingax@shutterfly.com,S,3
395,Carlos,Phillis,cphillisay@constantcontact.com,S,3
396,Nadiya,Pinch,npinchaz@dot.gov,A,10
397,Luciano,Hollidge,lhollidgeb0@sun.com,S,10
398,Gav,Cawson,gcawsonb1@purevolume.com,S,3
399,Rawley,Matashkin,rmatashkinb2@google.it,S,5
400,Cammie,Pagden,cpagdenb3@tinypic.com,A,9
401,Hernando,Parrett,hparrettb4@domainmarket.com,F,1
402,Federico,Antognelli,fantognellib5@goo.gl,A,9
403,Joletta,Auckland,jaucklandb6@sun.com,S,9
404,Tod,O'Duane,toduaneb7@army.mil,A,10
405,Viole,Ducarne,vducarneb8@example.com,F,2
406,Jessalyn,O'Fogarty,jofogartyb9@huffingtonpost.com,A,8
407,Tatiana,Blune,tbluneba@delicious.com,F,4
408,Cyril,Torrese,ctorresebb@cdc.gov,F,4
409,Diarmid,Diegan,ddieganbc@furl.net,F,10
410,Whitney,Brunstan,wbrunstanbd@kickstarter.com,F,8
411,Woody,Meir,wmeirbe@google.es,S,2
412,Nanci,Suddell,nsuddellbf@europa.eu,F,1
413,Peyter,Loftin,ploftinbg@ning.com,S,4
414,Durand,Dancy,ddancybh@hatena.ne.jp,S,7
415,Joanie,Semiras,jsemirasbi@cam.ac.uk,A,10
416,Daloris,Saurat,dsauratbj@springer.com,A,2
417,Mattie,Laing,mlaingbk@va.gov,A,1
418,Rahel,Mager,rmagerbl@huffingtonpost.com,F,7
419,Herta,Kibard,hkibardbm@google.nl,S,5
420,Ronnica,Jessel,rjesselbn@irs.gov,S,7
421,Calla,Iacomettii,ciacomettiibo@seesaa.net,A,4
422,Joyce,Pladen,jpladenbp@wikispaces.com,S,4
423,Tucky,Roach,troachbq@elegantthemes.com,F,10
424,Byrle,Lainge,blaingebr@networkadvertising.org,F,4
425,Adelice,Bagniuk,abagniukbs@tuttocitta.it,F,5
426,Rhys,Bugler,rbuglerbt@gravatar.com,F,10
427,Francklin,Gosnold,fgosnoldbu@furl.net,F,4
428,Sharity,Elphee,selpheebv@free.fr,F,10
429,Netti,Barde,nbardebw@cbsnews.com,S,9
430,Rosina,Lambirth,rlambirthbx@reference.com,A,6
431,Edan,Jacmar,ejacmarby@google.com,F,10
432,Manny,Dunnett,mdunnettbz@ihg.com,F,6
433,Inez,Dunbavin,idunbavinc0@webnode.com,A,4
434,Rourke,Adamo,radamoc1@hugedomains.com,S,4
435,Lenci,Wilton,lwiltonc2@ustream.tv,A,4
436,Bordie,Elwel,belwelc3@t-online.de,S,7
437,Ansel,Mungham,amunghamc4@google.de,F,4
438,Sunshine,Mico,smicoc5@diigo.com,S,10
439,Jard,Brandenburg,jbrandenburgc6@liveinternet.ru,S,1
440,Barbara-anne,Kaplin,bkaplinc7@sciencedaily.com,F,2
441,Errol,Cumberledge,ecumberledgec8@a8.net,A,5
442,Duky,Khidr,dkhidrc9@ebay.com,S,3
443,Vittorio,Elintune,velintuneca@bloglines.com,A,5
444,Rosene,Billin,rbillincb@webs.com,A,2
445,Katlin,Colgrave,kcolgravecc@xing.com,F,5
446,Lanna,Banfield,lbanfieldcd@epa.gov,F,8
447,Brion,Phinnessy,bphinnessyce@cdbaby.com,S,8
448,Timothee,Byrkmyr,tbyrkmyrcf@typepad.com,F,3
449,Vic,Antcliffe,vantcliffecg@github.com,F,3
450,Torry,Calf,tcalfch@google.com.hk,F,2
451,Hadley,Sefton,hseftonci@seesaa.net,F,8
452,Elvira,Lerwill,elerwillcj@auda.org.au,F,8
453,Nanete,Kirkby,nkirkbyck@paypal.com,A,6
454,Alejoa,Decruse,adecrusecl@wired.com,S,6
455,Jenna,Fagge,jfaggecm@pen.io,F,2
456,Benedikta,Rhodef,brhodefcn@economist.com,A,10
457,Norton,McHarry,nmcharryco@cnbc.com,S,3
458,Rollie,Keyden,rkeydencp@meetup.com,S,4
459,Madeleine,Stourton,mstourtoncq@theatlantic.com,S,9
460,Avivah,Polo,apolocr@ucsd.edu,F,7
461,Pavlov,Dory,pdorycs@friendfeed.com,S,9
462,Giana,Cleevely,gcleevelyct@angelfire.com,F,3
463,Rex,Allred,rallredcu@bloglovin.com,F,3
464,Mitch,Lukins,mlukinscv@salon.com,S,9
465,Maura,Butte,mbuttecw@technorati.com,A,10
466,Terence,McMeekin,tmcmeekincx@shop-pro.jp,S,1
467,Danika,Nyssens,dnyssenscy@purevolume.com,S,9
468,Averill,Ebhardt,aebhardtcz@xinhuanet.com,A,6
469,Cob,Fenlon,cfenlond0@biblegateway.com,A,8
470,Amabelle,Oddie,aoddied1@newyorker.com,S,7
471,Yetta,Adkin,yadkind2@infoseek.co.jp,A,9
472,Florian,Clackers,fclackersd3@bloglines.com,A,2
473,Tamarah,Dumelow,tdumelowd4@virginia.edu,F,9
474,Alisander,Smythe,asmythed5@hhs.gov,S,9
475,Yolande,Schimank,yschimankd6@oaic.gov.au,S,6
476,Uri,Yurivtsev,uyurivtsevd7@tinypic.com,A,8
477,Maggi,Giacubbo,mgiacubbod8@opera.com,F,4
478,Charity,Hornung,chornungd9@un.org,S,10
479,Nonna,Gwinnett,ngwinnettda@toplist.cz,A,2
480,Cynthia,Morling,cmorlingdb@theglobeandmail.com,S,3
481,Kenyon,Loffhead,kloffheaddc@cafepress.com,S,4
482,Madelon,Gleave,mgleavedd@webeden.co.uk,S,2
483,Sergio,Pietroni,spietronide@drupal.org,A,9
484,Cordie,Enbury,cenburydf@sbwire.com,A,9
485,Peyton,Dunthorn,pdunthorndg@themeforest.net,S,1
486,Joletta,Lorimer,jlorimerdh@si.edu,A,2
487,Penni,Quickenden,pquickendendi@miitbeian.gov.cn,F,7
488,Dorita,Apfelmann,dapfelmanndj@narod.ru,F,5
489,Jolene,MacEvilly,jmacevillydk@fotki.com,S,6
490,Wallis,Duguid,wduguiddl@hud.gov,S,6
491,Josephina,Trimme,jtrimmedm@epa.gov,A,1
492,Blayne,Dacombe,bdacombedn@ft.com,A,7
493,Huntington,Mariette,hmariettedo@netlog.com,F,1
494,Dominic,Rosenfrucht,drosenfruchtdp@kickstarter.com,A,1
495,Cheslie,MacFayden,cmacfaydendq@foxnews.com,A,8
496,Netta,Coventry,ncoventrydr@amazon.co.uk,F,10
497,Ailyn,Patience,apatienceds@ihg.com,F,5
498,Jeniece,Bramwell,jbramwelldt@shinystat.com,F,2
499,Shadow,Shanklin,sshanklindu@chicagotribune.com,A,5
500,Clayborn,Bumfrey,cbumfreydv@umn.edu,F,8
501,Kelsey,Mullineux,kmullineuxdw@reddit.com,S,6
502,Fey,Wayne,fwaynedx@rakuten.co.jp,S,10
503,Orson,Cappleman,ocapplemandy@telegraph.co.uk,S,8
504,Felicdad,Thurston,fthurstondz@noaa.gov,S,1
505,Tyson,Macey,tmaceye0@businesswire.com,A,3
506,Mirabel,Ricarde,mricardee1@reddit.com,S,7
507,Jean,Sendley,jsendleye2@github.io,F,4
508,Latrina,McUre,lmcuree3@cnbc.com,S,7
509,Lindy,Bussens,lbussense4@livejournal.com,A,3
510,Loutitia,Strathe,lstrathee5@npr.org,S,9
511,Michale,Heddan,mheddane6@google.nl,F,6
512,Rhys,Bicksteth,rbickstethe7@miitbeian.gov.cn,S,7
513,Modesta,Tchir,mtchire8@joomla.org,S,10
514,Kinnie,Codling,kcodlinge9@cyberchimps.com,S,10
515,Ryan,Hassewell,rhassewellea@npr.org,S,4
516,Shay,McVee,smcveeeb@jalbum.net,F,2
517,Janetta,Blunn,jblunnec@goo.gl,A,10
518,Flossi,Hanney,fhanneyed@bloomberg.com,S,1
519,Eward,Guyot,eguyotee@wikimedia.org,A,4
520,Estrellita,Hawthorn,ehawthornef@bloglines.com,A,10
521,Clio,Fenge,cfengeeg@smugmug.com,S,8
522,Teddie,Jakaway,tjakawayeh@phpbb.com,F,1
523,Hurlee,Bierling,hbierlingei@altervista.org,S,1
524,Essa,De Domenici,ededomeniciej@ow.ly,S,8
525,Terrell,Headland,theadlandek@foxnews.com,F,8
526,Dorine,Dumphries,ddumphriesel@hud.gov,A,5
527,Annamaria,Meadus,ameadusem@ebay.co.uk,F,2
528,Stefan,Jencey,sjenceyen@i2i.jp,S,3
529,Artair,Coviello,acovielloeo@is.gd,S,10
530,Rob,Husk,rhuskep@geocities.com,A,8
531,Sterne,Lorens,slorenseq@sohu.com,F,5
532,Isidora,Karpushkin,ikarpushkiner@earthlink.net,F,5
533,Odell,Jeskins,ojeskinses@oaic.gov.au,A,2
534,Charlie,Pebworth,cpebworthet@technorati.com,A,8
535,Lionel,Hedgeman,lhedgemaneu@addthis.com,F,1
536,Shandy,Bridgett,sbridgettev@macromedia.com,A,3
537,Ranique,Honacker,rhonackerew@baidu.com,S,10
538,Bax,Hamblyn,bhamblynex@ustream.tv,A,7
539,Valaree,Gunter,vgunterey@washington.edu,A,2
540,Melicent,Dargue,mdargueez@epa.gov,S,10
541,Cordula,Blaver,cblaverf0@bluehost.com,S,1
542,Packston,Keyse,pkeysef1@nasa.gov,S,5
543,Ulla,Stoner,ustonerf2@g.co,A,1
544,Nataniel,Brydon,nbrydonf3@salon.com,S,2
545,Jess,Crewther,jcrewtherf4@123-reg.co.uk,F,7
546,Flin,Dulieu,fdulieuf5@prweb.com,S,10
547,Ash,Brisland,abrislandf6@simplemachines.org,F,2
548,Esmeralda,Ivery,eiveryf7@gov.uk,F,7
549,Lela,Watford,lwatfordf8@umn.edu,S,6
550,Garvey,Bricknall,gbricknallf9@nationalgeographic.com,A,7
551,Angus,Lainton,alaintonfa@google.fr,F,4
552,Hildagarde,Myton,hmytonfb@vistaprint.com,F,4
553,Dimitri,Paddington,dpaddingtonfc@eventbrite.com,S,2
554,Dallis,Arkcoll,darkcollfd@themeforest.net,F,7
555,Ysabel,Kunkel,ykunkelfe@nhs.uk,A,4
556,Cece,Kryzhov,ckryzhovff@google.com.br,A,10
557,Cristian,Vanin,cvaninfg@jigsy.com,A,7
558,Melisande,Ordelt,mordeltfh@seesaa.net,S,10
559,Veronica,Wyper,vwyperfi@blog.com,F,6
560,Kesley,Kettley,kkettleyfj@slideshare.net,S,10
561,Ellerey,Tacker,etackerfk@slate.com,S,9
562,Baron,Feldhorn,bfeldhornfl@buzzfeed.com,S,6
563,Elsie,Gashion,egashionfm@amazon.co.jp,F,10
564,Aggie,Choffin,achoffinfn@blogtalkradio.com,F,8
565,Wiatt,Japp,wjappfo@msu.edu,F,10
566,Jephthah,Handrek,jhandrekfp@networkadvertising.org,F,9
567,Leontine,Ricciardiello,lricciardiellofq@cafepress.com,F,6
568,Hube,Muller,hmullerfr@cdc.gov,A,5
569,Marcos,Kenward,mkenwardfs@wix.com,S,2
570,Lizbeth,Geake,lgeakeft@ucoz.com,S,7
571,Derick,Rucklesse,drucklessefu@mlb.com,S,9
572,Orville,Woods,owoodsfv@telegraph.co.uk,S,8
573,Candide,Scarisbrick,cscarisbrickfw@economist.com,F,1
574,Gennie,Simnell,gsimnellfx@surveymonkey.com,S,9
575,Wayland,Tibols,wtibolsfy@usnews.com,A,8
576,Brennan,Maberley,bmaberleyfz@simplemachines.org,S,10
577,Collete,Garbert,cgarbertg0@gmpg.org,A,1
578,Barnabas,Hyndley,bhyndleyg1@wisc.edu,A,8
579,Margit,Vispo,mvispog2@elegantthemes.com,F,2
580,Wye,Dury,wduryg3@dailymail.co.uk,A,4
581,Korey,Cochern,kcocherng4@wikispaces.com,S,3
582,Rod,Coorington,rcooringtong5@csmonitor.com,A,10
583,Kalinda,Hunnicutt,khunnicuttg6@loc.gov,F,6
584,Conrade,Norquoy,cnorquoyg7@joomla.org,F,9
585,Piotr,Galfour,pgalfourg8@discovery.com,F,6
586,Pail,Hackey,phackeyg9@free.fr,A,10
587,Fredek,Semered,fsemeredga@flickr.com,S,10
588,Moria,Avraam,mavraamgb@accuweather.com,S,10
589,Dimitri,McNeachtain,dmcneachtaingc@creativecommons.org,S,10
590,Wilhelm,Yerrill,wyerrillgd@pbs.org,F,2
591,Jasun,Godsafe,jgodsafege@prlog.org,F,1
592,Odele,Iwanczyk,oiwanczykgf@ucoz.ru,S,10
593,Abdul,Klishin,aklishingg@deliciousdays.com,A,4
594,Ephrem,McNabb,emcnabbgh@intel.com,A,6
595,Natassia,Lumby,nlumbygi@ucla.edu,A,4
596,Flori,Oldman,foldmangj@go.com,S,10
597,Gwendolyn,Stoll,gstollgk@zimbio.com,A,1
598,Olva,Wathall,owathallgl@columbia.edu,F,6
599,Martino,Kennealy,mkennealygm@msu.edu,F,8
600,Rowan,Duffree,rduffreegn@nih.gov,F,8
601,Flynn,Maroney,fmaroneygo@nydailynews.com,F,10
602,Lisette,Leadbitter,lleadbittergp@cdbaby.com,A,5
603,Glen,Moylane,gmoylanegq@twitter.com,S,9
604,Cobb,Gouch,cgouchgr@ocn.ne.jp,A,9
605,Sarina,Scahill,sscahillgs@virginia.edu,S,8
606,Peirce,Melmore,pmelmoregt@washington.edu,A,7
607,Uta,Holyard,uholyardgu@amazon.co.jp,F,3
608,Yvon,Willingam,ywillingamgv@arstechnica.com,F,8
609,Benton,Chasmor,bchasmorgw@buzzfeed.com,A,7
610,Madelyn,Jefferies,mjefferiesgx@google.co.jp,A,2
611,Raynor,Sweetmore,rsweetmoregy@psu.edu,S,1
612,Roderick,Lawden,rlawdengz@europa.eu,S,4
613,Wallis,Kapelhof,wkapelhofh0@theguardian.com,F,9
614,Waldemar,McOnie,wmconieh1@slideshare.net,S,7
615,Alwin,Balogh,abaloghh2@forbes.com,A,1
616,Madelin,Semark,msemarkh3@house.gov,S,3
617,Danella,Giacovazzo,dgiacovazzoh4@bloglovin.com,F,10
618,Ingar,Heard,iheardh5@statcounter.com,F,2
619,Zak,Wilgar,zwilgarh6@virginia.edu,A,10
620,Bernita,Mahody,bmahodyh7@washingtonpost.com,A,6
621,Mufinella,Dayne,mdayneh8@jimdo.com,S,2
622,Salmon,Flori,sflorih9@cafepress.com,F,1
623,Mac,Leigh,mleighha@army.mil,A,7
624,Linda,Toderini,ltoderinihb@symantec.com,S,9
625,Jessalin,Blancowe,jblancowehc@cnn.com,F,7
626,Ines,Pummery,ipummeryhd@google.es,S,6
627,Celisse,Castelluzzi,ccastelluzzihe@linkedin.com,S,6
628,Petronia,Edmonston,pedmonstonhf@whitehouse.gov,F,1
629,Ofella,Saw,osawhg@yahoo.com,S,4
630,Rianon,Lansdown,rlansdownhh@google.de,A,9
631,Trevar,Newlin,tnewlinhi@over-blog.com,S,9
632,Bunny,Bellin,bbellinhj@acquirethisname.com,F,4
633,Ephraim,Marcinkus,emarcinkushk@free.fr,S,1
634,Judas,Waitland,jwaitlandhl@buzzfeed.com,S,3
635,Otho,Caldaro,ocaldarohm@wunderground.com,A,2
636,Esra,Pinchen,epinchenhn@1688.com,S,10
637,Carr,Estcot,cestcotho@wp.com,S,3
638,Bathsheba,Donalson,bdonalsonhp@huffingtonpost.com,A,6
639,Mil,Deeley,mdeeleyhq@springer.com,A,5
640,Deva,Plumridege,dplumridegehr@cnbc.com,F,8
641,Carey,Ringham,cringhamhs@jigsy.com,A,1
642,Sharyl,Matveichev,smatveichevht@cyberchimps.com,A,10
643,Gaylor,Jellard,gjellardhu@salon.com,A,10
644,Gard,Mulvaney,gmulvaneyhv@gnu.org,A,2
645,Yehudit,Patmore,ypatmorehw@ehow.com,S,10
646,Waneta,Hoble,whoblehx@mac.com,F,8
647,Demott,Dragoe,ddragoehy@simplemachines.org,F,10
648,Mercy,Leele,mleelehz@who.int,S,4
649,Derick,Jewsbury,djewsburyi0@businessweek.com,A,9
650,Laural,Ewart,lewarti1@nba.com,F,6
651,Des,Parmiter,dparmiteri2@redcross.org,A,10
652,Kristan,Witts,kwittsi3@devhub.com,A,5
653,Natka,Hellcat,nhellcati4@adobe.com,S,9
654,Fonzie,Gledhall,fgledhalli5@1688.com,S,3
655,Ivonne,Shephard,ishephardi6@ask.com,F,6
656,Mareah,Duckerin,mduckerini7@reuters.com,A,6
657,Hoebart,Kemster,hkemsteri8@nifty.com,F,9
658,Kirk,Eates,keatesi9@gnu.org,A,2
659,Beatrice,Reinhard,breinhardia@smh.com.au,A,1
660,Alisha,Jeckell,ajeckellib@irs.gov,A,9
661,Jessica,Prestie,jprestieic@microsoft.com,A,8
662,Luciana,O'Scanlon,loscanlonid@howstuffworks.com,A,4
663,Elbert,Moniker,emonikerie@altervista.org,F,9
664,Mabelle,Tillyer,mtillyerif@netscape.com,S,4
665,Pasquale,Grabert,pgrabertig@last.fm,F,2
666,Randy,Bringloe,rbringloeih@stumbleupon.com,F,7
667,Milka,McGerr,mmcgerrii@dion.ne.jp,F,1
668,Nertie,Doding,ndodingij@indiatimes.com,A,2
669,Rickie,Fearn,rfearnik@dailymail.co.uk,F,5
670,Anica,Hissett,ahissettil@prweb.com,A,5
671,Eustace,Gaynsford,egaynsfordim@skyrock.com,A,3
672,Omar,Brombell,obrombellin@hhs.gov,S,8
673,Rosemaria,Symms,rsymmsio@state.gov,F,1
674,Ray,Murname,rmurnameip@nba.com,A,1
675,Fredric,Beetlestone,fbeetlestoneiq@mlb.com,A,3
676,Ines,Lacer,ilacerir@pagesperso-orange.fr,F,6
677,Neill,Dayne,ndayneis@illinois.edu,F,3
678,Robbyn,Dowber,rdowberit@sbwire.com,S,6
679,Ronnie,Gasticke,rgastickeiu@wired.com,S,1
680,Avrom,Brushfield,abrushfieldiv@ed.gov,F,9
681,Germana,Fancett,gfancettiw@walmart.com,A,6
682,Gil,Rankcom,grankcomix@ed.gov,F,9
683,Muhammad,Taunton.,mtauntoniy@seesaa.net,S,6
684,Tallie,McCart,tmccartiz@census.gov,A,1
685,Thaddus,Alderton,taldertonj0@amazon.co.jp,S,8
686,Christye,Restieaux,crestieauxj1@nytimes.com,A,6
687,Cindra,Brimilcome,cbrimilcomej2@com.com,S,1
688,Ike,Baudino,ibaudinoj3@abc.net.au,F,5
689,Harriot,Itzak,hitzakj4@xrea.com,A,9
690,Georgeta,McVee,gmcveej5@xing.com,A,5
691,Saunderson,Mascall,smascallj6@comcast.net,F,4
692,Abram,Caldwell,acaldwellj7@accuweather.com,S,6
693,Lynnet,Ilieve,lilievej8@fastcompany.com,F,3
694,Hendrik,Hazelden,hhazeldenj9@netvibes.com,F,5
695,Bride,Rickis,brickisja@scientificamerican.com,A,6
696,Lyon,Bott,lbottjb@tinyurl.com,A,2
697,Doralynn,Hofner,dhofnerjc@smugmug.com,A,4
698,Darin,Trousdale,dtrousdalejd@tiny.cc,F,3
699,Michael,Caizley,mcaizleyje@geocities.jp,F,2
700,Kaylee,Seth,ksethjf@desdev.cn,S,8
701,Jaine,Shillum,jshillumjg@rambler.ru,F,3
702,Kip,Edinburgh,kedinburghjh@usatoday.com,S,1
703,Iago,Iacomettii,iiacomettiiji@xrea.com,A,3
704,Tate,Cummine,tcumminejj@google.com,A,7
705,Clim,Garber,cgarberjk@uol.com.br,F,3
706,Desiri,Perkins,dperkinsjl@clickbank.net,F,8
707,Willey,Piburn,wpiburnjm@barnesandnoble.com,A,9
708,Anselm,Karleman,akarlemanjn@microsoft.com,S,1
709,Shamus,Thwaite,sthwaitejo@si.edu,S,9
710,Geri,McRory,gmcroryjp@1und1.de,A,7
711,Matilde,Ades,madesjq@nasa.gov,S,4
712,Finn,Surmeyers,fsurmeyersjr@xinhuanet.com,F,1
713,Antonius,Aiston,aaistonjs@tinyurl.com,S,9
714,Clarance,McCague,cmccaguejt@tamu.edu,S,3
715,Amalia,Macellar,amacellarju@github.io,F,5
716,Lu,Tayler,ltaylerjv@cnet.com,F,6
717,Johann,Sealeaf,jsealeafjw@sciencedaily.com,A,8
718,Anabelle,Zmitrichenko,azmitrichenkojx@yellowbook.com,A,9
719,Chris,Kirkam,ckirkamjy@ft.com,A,9
720,Dayna,Tagg,dtaggjz@senate.gov,S,10
721,Alexandre,Condliffe,acondliffek0@booking.com,S,9
722,Skelly,Headan,sheadank1@arstechnica.com,A,9
723,Benni,Pavelka,bpavelkak2@slashdot.org,F,6
724,Noak,Oddie,noddiek3@salon.com,S,5
725,Oswell,Browse,obrowsek4@auda.org.au,S,4
726,Theo,Hardwell,thardwellk5@reference.com,S,5
727,Brett,Staterfield,bstaterfieldk6@sun.com,A,5
728,Park,Belz,pbelzk7@last.fm,F,2
729,Rhona,Millsom,rmillsomk8@blogspot.com,S,10
730,Abbie,Joinsey,ajoinseyk9@vinaora.com,A,3
731,Saloma,Gitthouse,sgitthouseka@upenn.edu,S,5
732,Nicoline,Simo,nsimokb@nature.com,F,9
733,Virginie,Astie,vastiekc@latimes.com,S,6
734,Martyn,Farfolomeev,mfarfolomeevkd@sciencedirect.com,A,6
735,Arnaldo,Petts,apettske@weebly.com,S,1
736,Enrique,Gentil,egentilkf@tamu.edu,A,3
737,Hersh,Cuffin,hcuffinkg@microsoft.com,A,7
738,Giacinta,Iowarch,giowarchkh@chicagotribune.com,S,4
739,Lyndel,Fowls,lfowlski@businessinsider.com,F,9
740,Bekki,Menlow,bmenlowkj@jalbum.net,S,5
741,Cristin,Adelman,cadelmankk@ebay.com,A,2
742,Carmelita,Grubey,cgrubeykl@ted.com,A,5
743,Erda,Zaczek,ezaczekkm@reuters.com,A,10
744,Thatcher,Cosbee,tcosbeekn@amazon.de,F,7
745,Jeane,Folli,jfolliko@google.nl,A,6
746,Truda,Malter,tmalterkp@unblog.fr,A,3
747,Hakeem,Lowson,hlowsonkq@mit.edu,F,4
748,Gray,Goodey,ggoodeykr@163.com,A,8
749,Zita,Thebeaud,zthebeaudks@japanpost.jp,A,8
750,Benn,Meedendorpe,bmeedendorpekt@google.co.jp,S,1
751,Miguel,Le Friec,mlefriecku@illinois.edu,S,9
752,Hannah,Iacomi,hiacomikv@imdb.com,A,2
753,Annnora,Gladdolph,agladdolphkw@telegraph.co.uk,F,3
754,Alleyn,McPhaden,amcphadenkx@globo.com,F,3
755,Osbourne,Hauck,ohauckky@deliciousdays.com,S,6
756,Genny,Le Noir,glenoirkz@jugem.jp,S,8
757,Myrtice,Lerner,mlernerl0@salon.com,F,8
758,Brander,Sleany,bsleanyl1@baidu.com,S,6
759,Toiboid,Glashby,tglashbyl2@flavors.me,A,9
760,Giff,Andresser,gandresserl3@globo.com,S,6
761,Geralda,Woodley,gwoodleyl4@tuttocitta.it,F,5
762,Lorrin,McQuaide,lmcquaidel5@discuz.net,F,2
763,Russell,Tapner,rtapnerl6@hhs.gov,A,9
764,Vanni,Spitell,vspitelll7@sun.com,S,3
765,Sallee,Rosenzwig,srosenzwigl8@tripadvisor.com,S,8
766,Waiter,McBrearty,wmcbreartyl9@theatlantic.com,F,4
767,Cory,Coase,ccoasela@csmonitor.com,S,5
768,Fey,MacElane,fmacelanelb@mozilla.org,S,4
769,Adan,Talboy,atalboylc@4shared.com,A,4
770,Benedicta,Sheers,bsheersld@newsvine.com,A,6
771,Cleopatra,Bleasdille,cbleasdillele@mashable.com,S,9
772,Zaneta,Skellen,zskellenlf@tinypic.com,S,2
773,Husein,Simons,hsimonslg@godaddy.com,A,9
774,Edan,Winfred,ewinfredlh@blogtalkradio.com,S,2
775,Rene,Bisterfeld,rbisterfeldli@eepurl.com,F,2
776,Rube,O'Riordan,roriordanlj@amazon.co.jp,A,9
777,Melloney,Guilloneau,mguilloneaulk@wunderground.com,A,4
778,Jeremiah,Godart,jgodartll@hugedomains.com,A,10
779,Lee,Habbon,lhabbonlm@slate.com,F,7
780,Claire,Kernan,ckernanln@imageshack.us,A,4
781,Robert,Penhalewick,rpenhalewicklo@indiatimes.com,F,5
782,Brent,Almond,balmondlp@thetimes.co.uk,A,7
783,Lee,McKinney,lmckinneylq@theatlantic.com,S,6
784,Agnella,Baldcock,abaldcocklr@ask.com,A,7
785,Elle,Geale,egealels@twitpic.com,A,8
786,Milty,Raveau,mraveault@sciencedaily.com,S,3
787,Fenelia,Rippingale,frippingalelu@webnode.com,A,9
788,Tandie,Tillyer,ttillyerlv@sitemeter.com,S,2
789,Gayelord,Gianotti,ggianottilw@youtu.be,F,7
790,Avrom,Gottelier,agottelierlx@buzzfeed.com,F,6
791,Luise,Wettern,lwetternly@jugem.jp,S,9
792,Winny,Verbruggen,wverbruggenlz@pagesperso-orange.fr,S,5
793,Rebecka,Bawles,rbawlesm0@ox.ac.uk,F,4
794,Boyd,Perrat,bperratm1@hao123.com,A,8
795,Brina,Swinbourne,bswinbournem2@geocities.jp,S,1
796,Harv,Wife,hwifem3@ustream.tv,S,9
797,Reece,Scattergood,rscattergoodm4@dailymail.co.uk,A,10
798,Charis,Liddard,cliddardm5@com.com,S,2
799,Duane,Whitloe,dwhitloem6@webs.com,A,4
800,Ethyl,Gilffillan,egilffillanm7@infoseek.co.jp,S,2
801,Inessa,Matyas,imatyasm8@opera.com,A,8
802,Edithe,Fairlem,efairlemm9@de.vu,F,9
803,Caresa,Warbeys,cwarbeysma@forbes.com,A,9
804,Diandra,Soane,dsoanemb@cloudflare.com,F,6
805,Madelin,Embling,memblingmc@liveinternet.ru,A,6
806,Lamont,Colchett,lcolchettmd@nhs.uk,A,10
807,Rosie,Roles,rrolesme@addthis.com,A,2
808,Gauthier,Newburn,gnewburnmf@engadget.com,A,7
809,Bette-ann,Bragginton,bbraggintonmg@stumbleupon.com,S,1
810,Gris,Cullnean,gcullneanmh@usa.gov,S,7
811,Marten,Flag,mflagmi@economist.com,F,1
812,Trudey,Bowes,tbowesmj@bloglines.com,F,10
813,Alberik,Agass,aagassmk@nature.com,S,7
814,Sherrie,Perton,spertonml@lycos.com,F,6
815,Myles,Vaissiere,mvaissieremm@freewebs.com,S,8
816,Elli,Sothcott,esothcottmn@drupal.org,A,4
817,Hobie,Rawlison,hrawlisonmo@livejournal.com,A,8
818,Olia,Fearnley,ofearnleymp@twitpic.com,F,10
819,Bartram,Jurkowski,bjurkowskimq@yellowpages.com,A,8
820,Ethelin,Kunzel,ekunzelmr@tumblr.com,A,8
821,Matty,Casperri,mcasperrims@geocities.jp,A,1
822,Chicky,Grumell,cgrumellmt@instagram.com,A,5
823,Chlo,Jiggen,cjiggenmu@meetup.com,F,9
824,Dorisa,Bielefeld,dbielefeldmv@cloudflare.com,A,4
825,Jacobo,Grass,jgrassmw@ameblo.jp,S,7
826,Lisbeth,Francino,lfrancinomx@example.com,S,9
827,Maggee,Gage,mgagemy@over-blog.com,A,2
828,Meaghan,Lorriman,mlorrimanmz@google.es,A,7
829,Brandon,Jacquemet,bjacquemetn0@php.net,F,4
830,Vinny,Keedwell,vkeedwelln1@flavors.me,S,8
831,Putnem,Nunnery,pnunneryn2@usda.gov,F,7
832,Gustavus,Drinan,gdrinann3@seattletimes.com,F,3
833,Evvy,Banting,ebantingn4@msu.edu,S,10
834,Tymon,Beagrie,tbeagrien5@huffingtonpost.com,F,8
835,Rupert,Bertenshaw,rbertenshawn6@cloudflare.com,F,10
836,Donielle,Whapple,dwhapplen7@hexun.com,F,6
837,Roana,Marjanski,rmarjanskin8@istockphoto.com,S,4
838,Paulo,O'Luney,poluneyn9@shutterfly.com,F,2
839,Jaimie,Brooker,jbrookerna@phpbb.com,S,10
840,Dru,Vye,dvyenb@ucla.edu,F,2
841,Bibbie,O' Liddy,boliddync@w3.org,A,1
842,Lurette,Niven,lnivennd@youtube.com,F,9
843,Jeramey,Beamond,jbeamondne@geocities.com,S,10
844,Virginia,Sulter,vsulternf@vinaora.com,S,6
845,Elie,Spawforth,espawforthng@theguardian.com,F,8
846,Abey,Dunbleton,adunbletonnh@walmart.com,A,9
847,Larry,Nixon,lnixonni@intel.com,S,3
848,Dee,Springate,dspringatenj@cdc.gov,S,5
849,Jackelyn,Cornejo,jcornejonk@answers.com,F,2
850,Rozalie,Teresa,rteresanl@github.io,S,2
851,Hayley,Harlock,hharlocknm@psu.edu,S,1
852,Beatrisa,Whitham,bwhithamnn@vimeo.com,F,3
853,Bernadette,Woloschin,bwoloschinno@topsy.com,S,7
854,Juliann,Thoresby,jthoresbynp@cnn.com,A,7
855,Greer,Momery,gmomerynq@pen.io,A,7
856,Laureen,Zecchini,lzecchininr@pen.io,A,6
857,Guinevere,Kehri,gkehrins@vinaora.com,A,1
858,Etti,Nester,enesternt@usa.gov,F,4
859,Mort,Wisam,mwisamnu@themeforest.net,S,9
860,Garrik,Utton,guttonnv@alibaba.com,A,9
861,Brigitte,Bartlam,bbartlamnw@photobucket.com,F,10
862,Tracey,Ablewhite,tablewhitenx@ucoz.com,S,1
863,Patrizius,Ranger,prangerny@reddit.com,A,3
864,Sarette,Urwen,surwennz@dion.ne.jp,F,3
865,Rebecca,Trevance,rtrevanceo0@sbwire.com,F,10
866,Trixie,Berthomieu,tberthomieuo1@hostgator.com,F,7
867,Bernadene,Grenville,bgrenvilleo2@imgur.com,F,7
868,Veronike,Newsome,vnewsomeo3@thetimes.co.uk,A,3
869,Marinna,Apthorpe,mapthorpeo4@privacy.gov.au,S,7
870,Eachelle,Crohan,ecrohano5@gov.uk,A,3
871,Hyacinthie,Sikora,hsikorao6@scribd.com,S,6
872,Doro,Ciccone,dcicconeo7@mediafire.com,S,4
873,Win,Farrell,wfarrello8@state.gov,F,7
874,Christoforo,Temlett,ctemletto9@springer.com,F,3
875,Emelen,Flanaghan,eflanaghanoa@t-online.de,S,6
876,Mace,Bailes,mbailesob@cnn.com,F,8
877,Winfred,Evamy,wevamyoc@samsung.com,F,9
878,Francesco,Braffington,fbraffingtonod@gravatar.com,S,7
879,Micky,McTurk,mmcturkoe@tinyurl.com,F,10
880,Chris,Clapp,cclappof@paginegialle.it,A,3
881,Kelli,Gherardi,kgherardiog@msn.com,A,5
882,Felita,Dilloway,fdillowayoh@ow.ly,F,1
883,Lauri,Tuckerman,ltuckermanoi@soup.io,F,7
884,Sherm,Wakeman,swakemanoj@technorati.com,F,8
885,Stinky,Tremoille,stremoilleok@cbslocal.com,S,1
886,Ruggiero,Galvan,rgalvanol@homestead.com,F,1
887,Minta,Castanaga,mcastanagaom@unc.edu,S,4
888,Meredith,Schutt,mschutton@forbes.com,A,5
889,Mable,McClaurie,mmcclaurieoo@jugem.jp,A,5
890,Claudetta,Swan,cswanop@yahoo.com,F,2
891,Catherina,Gwilliams,cgwilliamsoq@addthis.com,S,1
892,Jorrie,Raoul,jraoulor@123-reg.co.uk,A,7
893,Bengt,Cometto,bcomettoos@who.int,A,4
894,Paquito,Everest,peverestot@ibm.com,F,3
895,Roberta,Banyard,rbanyardou@wordpress.org,S,6
896,Hamid,McKew,hmckewov@privacy.gov.au,S,3
897,Milty,Lumly,mlumlyow@elpais.com,F,4
898,Leta,Eglaise,leglaiseox@dedecms.com,A,7
899,Nobe,Lembcke,nlembckeoy@disqus.com,S,8
900,Colet,Lunbech,clunbechoz@acquirethisname.com,A,5
901,Oby,Rabat,orabatp0@mtv.com,A,9
902,Trenna,Snoding,tsnodingp1@4shared.com,A,6
903,Revkah,Greenroad,rgreenroadp2@usda.gov,F,1
904,Kaile,Choak,kchoakp3@youku.com,F,4
905,Winthrop,Burdytt,wburdyttp4@elegantthemes.com,A,10
906,Ema,Baudoux,ebaudouxp5@skyrock.com,A,8
907,Brittney,Scourfield,bscourfieldp6@mit.edu,A,10
908,Rhett,Burns,rburnsp7@dailymotion.com,A,5
909,Jacki,Bullimore,jbullimorep8@blogs.com,A,8
910,Loralee,Giorgiutti,lgiorgiuttip9@accuweather.com,F,7
911,Dulciana,Muzzall,dmuzzallpa@fc2.com,A,2
912,Vachel,Uebel,vuebelpb@umich.edu,S,7
913,Clair,Fitzsymon,cfitzsymonpc@bloglines.com,F,1
914,Eirena,Le Barr,elebarrpd@tinypic.com,S,9
915,Henri,Jeavons,hjeavonspe@hatena.ne.jp,F,7
916,Ozzie,Ralls,orallspf@ucoz.com,F,1
917,Ferrel,Cissell,fcissellpg@amazon.de,A,5
918,Cassaundra,Malter,cmalterph@jigsy.com,A,9
919,Gladys,Peterken,gpeterkenpi@istockphoto.com,F,7
920,Happy,MacEntee,hmacenteepj@icio.us,S,7
921,Cassandry,Coronas,ccoronaspk@fc2.com,A,7
922,Hadleigh,Rastrick,hrastrickpl@360.cn,S,5
923,Gloria,Broomhall,gbroomhallpm@sakura.ne.jp,F,6
924,Herman,Pacitti,hpacittipn@surveymonkey.com,S,10
925,Elyssa,Fryman,efrymanpo@nbcnews.com,F,7
926,Kevina,Allardyce,kallardycepp@indiegogo.com,A,6
927,Izaak,Giovannini,igiovanninipq@globo.com,F,7
928,Netti,Clutton,ncluttonpr@wordpress.org,S,6
929,Sayres,Whitsun,swhitsunps@google.ca,S,1
930,Marcelline,Pregal,mpregalpt@cornell.edu,S,1
931,Belinda,Colman,bcolmanpu@vk.com,A,4
932,Karina,Gherardesci,kgherardescipv@1688.com,A,10
933,Andriana,Boylund,aboylundpw@ocn.ne.jp,A,6
934,Juli,Kikke,jkikkepx@skype.com,A,3
935,Arnuad,Golborne,agolbornepy@bluehost.com,F,2
936,Kleon,Forrester,kforresterpz@mlb.com,F,7
937,Terencio,Edmand,tedmandq0@dion.ne.jp,F,2
938,Martica,Spaducci,mspaducciq1@sina.com.cn,A,3
939,Stefanie,Annis,sannisq2@cdc.gov,S,2
940,Layney,Thireau,lthireauq3@baidu.com,S,9
941,Patin,Paroni,pparoniq4@umn.edu,F,6
942,Meridith,Baty,mbatyq5@smh.com.au,A,7
943,Henrieta,Imorts,himortsq6@yellowbook.com,S,9
944,Charlot,Cawsy,ccawsyq7@reddit.com,S,5
945,Miriam,Stovin,mstovinq8@comsenz.com,F,3
946,Krishnah,Riediger,kriedigerq9@yellowbook.com,S,4
947,Hyacinthe,Erskine Sandys,herskinesandysqa@auda.org.au,S,1
948,Angelique,Amis,aamisqb@redcross.org,F,4
949,Millicent,Pynn,mpynnqc@tuttocitta.it,A,6
950,Warner,Jarlmann,wjarlmannqd@wunderground.com,F,9
951,Fancy,Courvert,fcourvertqe@state.gov,A,8
952,Lucinda,Pomfrey,lpomfreyqf@cpanel.net,F,1
953,Janine,Lepper,jlepperqg@51.la,A,9
954,Vincents,Beazer,vbeazerqh@hhs.gov,F,3
955,Binky,Enns,bennsqi@google.cn,S,2
956,Mandy,enzley,menzleyqj@ed.gov,F,7
957,Keven,Hull,khullqk@youtube.com,F,7
958,Tessi,Ruff,truffql@craigslist.org,F,4
959,Kaylil,Ledwidge,kledwidgeqm@wikipedia.org,A,9
960,Darbie,Barles,dbarlesqn@elpais.com,A,3
961,Florina,Sayre,fsayreqo@t-online.de,A,9
962,Tye,Skures,tskuresqp@hud.gov,F,7
963,Charmion,Spelman,cspelmanqq@acquirethisname.com,A,3
964,Viviana,MacAllaster,vmacallasterqr@bloglines.com,S,2
965,Daryle,Chippendale,dchippendaleqs@homestead.com,S,1
966,Emilie,Lapworth,elapworthqt@sciencedirect.com,A,8
967,Jane,Gerdes,jgerdesqu@unblog.fr,A,2
968,Andrey,Colt,acoltqv@flavors.me,S,3
969,Karina,Normabell,knormabellqw@seattletimes.com,F,9
970,Quentin,Dukelow,qdukelowqx@dyndns.org,F,10
971,Brigid,Edgell,bedgellqy@amazon.co.uk,A,6
972,Kariotta,Moakson,kmoaksonqz@google.fr,F,9
973,Bernardina,Oxborough,boxboroughr0@dmoz.org,A,7
974,Dale,Jime,djimer1@microsoft.com,S,4
975,Sloane,Mitford,smitfordr2@ning.com,A,2
976,Joe,Shankle,jshankler3@usda.gov,S,1
977,Binny,Chaudrelle,bchaudreller4@cornell.edu,F,9
978,Krystal,Torbeck,ktorbeckr5@github.com,S,5
979,Josefa,Brearton,jbreartonr6@soundcloud.com,F,9
980,Brigg,Sprigings,bsprigingsr7@netlog.com,S,1
981,Cortney,Bunson,cbunsonr8@cisco.com,A,9
982,Domeniga,Lansbury,dlansburyr9@apache.org,S,1
983,Raffaello,Kellart,rkellartra@jimdo.com,S,10
984,Rosita,Ridett,rridettrb@house.gov,S,3
985,Norton,Fosken,nfoskenrc@e-recht24.de,S,5
986,Ferne,Foddy,ffoddyrd@bandcamp.com,A,8
987,Erena,Westbury,ewestburyre@smh.com.au,S,3
988,Mikol,Blabber,mblabberrf@accuweather.com,S,6
989,Daveta,Jacobsson,djacobssonrg@parallels.com,S,9
990,Chance,Diloway,cdilowayrh@google.com.au,A,8
991,Mata,Lorkins,mlorkinsri@blinklist.com,F,4
992,Cass,Stubbings,cstubbingsrj@trellian.com,F,3
993,Ddene,Doddemeade,ddoddemeaderk@mysql.com,A,7
994,Neddie,Hassett,nhassettrl@eventbrite.com,S,8
995,Haze,Sawfoot,hsawfootrm@uol.com.br,F,9
996,Diana,Abreheart,dabreheartrn@i2i.jp,S,2
997,Ilyse,Evitts,ievittsro@eventbrite.com,S,3
998,Dix,Manclark,dmanclarkrp@mlb.com,F,7
999,Garth,Chaffyn,gchaffynrq@dyndns.org,F,7
1000,Corbin,Ivanyushkin,civanyushkinrr@goodreads.com,A,3
